"Data","Último","Abertura","Máxima","Mínima","Vol.","Var%"
"21.05.2020","9.213,7","9.511,6","9.567,1","9.204,1","1,27M","-3,14%"
"20.05.2020","9.512,3","9.773,0","9.829,3","9.368,4","1,15M","-2,67%"
"19.05.2020","9.773,3","9.730,8","9.883,9","9.498,7","1,16M","0,44%"
"18.05.2020","9.730,7","9.678,4","9.930,2","9.524,4","1,18M","0,55%"
"17.05.2020","9.677,7","9.376,6","9.866,0","9.327,8","1,18M","3,18%"
"16.05.2020","9.379,5","9.318,1","9.579,0","9.233,0","1,10M","0,66%"
"15.05.2020","9.318,0","9.778,6","9.819,6","9.223,2","1,56M","-4,71%"
"14.05.2020","9.778,4","9.298,7","9.887,5","9.265,8","1,77M","5,16%"
"13.05.2020","9.298,7","8.813,9","9.384,6","8.799,1","1,50M","5,50%"
"12.05.2020","8.813,8","8.569,8","8.964,5","8.542,8","1,35M","2,73%"
"11.05.2020","8.579,8","8.737,6","9.129,6","8.235,6","2,29M","-1,82%"
"10.05.2020","8.738,8","9.553,9","9.569,4","8.259,3","2,47M","-8,54%"
"09.05.2020","9.554,6","9.806,0","9.910,5","9.533,6","1,49M","-2,57%"
"08.05.2020","9.806,2","9.980,1","10.018,2","9.731,4","1,42M","-1,74%"
"07.05.2020","9.979,8","9.152,7","10.033,0","9.064,8","1,91M","9,05%"
"06.05.2020","9.151,4","9.000,6","9.373,7","8.923,6","1,62M","1,67%"
"05.05.2020","9.001,0","8.874,2","9.078,7","8.800,4","1,05M","1,42%"
"04.05.2020","8.874,7","8.885,5","8.945,5","8.553,2","1,12M","-0,12%"
"03.05.2020","8.885,5","8.966,2","9.169,9","8.742,2","1,15M","-0,90%"
"02.05.2020","8.966,3","8.821,6","8.986,2","8.771,3","890,34K","1,64%"
"01.05.2020","8.821,6","8.628,6","9.040,3","8.621,0","1,11M","2,23%"
"30.04.2020","8.629,0","8.770,6","9.437,5","8.425,5","2,04M","-1,62%"
"29.04.2020","8.770,9","7.746,7","8.918,5","7.729,7","1,83M","13,22%"
"28.04.2020","7.746,9","7.766,0","7.770,1","7.655,3","808,09K","-0,25%"
"27.04.2020","7.766,0","7.679,4","7.768,5","7.637,7","980,50K","1,13%"
"26.04.2020","7.678,9","7.540,4","7.679,4","7.520,5","921,59K","1,84%"
"25.04.2020","7.540,4","7.503,9","7.684,6","7.451,0","861,93K","0,49%"
"24.04.2020","7.503,8","7.491,3","7.583,5","7.423,5","951,95K","0,20%"
"23.04.2020","7.488,5","7.112,8","7.655,4","7.036,5","1,34M","5,28%"
"22.04.2020","7.112,9","6.842,5","7.137,4","6.821,8","914,18K","3,95%"
"21.04.2020","6.842,5","6.833,4","6.919,3","6.774,3","892,57K","0,13%"
"20.04.2020","6.833,5","7.122,9","7.207,5","6.771,2","1,26M","-4,06%"
"19.04.2020","7.122,9","7.230,9","7.238,0","7.079,1","5,93M","-1,49%"
"18.04.2020","7.230,8","7.035,9","7.259,4","7.031,5","796,45K","2,77%"
"17.04.2020","7.035,8","7.085,5","7.142,8","7.005,8","810,10K","-0,70%"
"16.04.2020","7.085,6","6.629,1","7.159,7","6.520,5","1,54M","6,89%"
"15.04.2020","6.629,1","6.851,3","6.929,5","6.615,9","1,00M","-3,24%"
"14.04.2020","6.850,9","6.841,8","6.970,8","6.768,6","999,53K","0,14%"
"13.04.2020","6.841,3","6.918,1","6.920,3","6.618,5","1,25M","-1,10%"
"12.04.2020","6.917,6","6.867,9","7.158,8","6.785,1","1,10M","0,73%"
"11.04.2020","6.867,8","6.862,7","6.931,4","6.765,1","845,58K","0,07%"
"10.04.2020","6.863,1","7.289,0","7.294,4","6.756,1","1,37M","-5,84%"
"09.04.2020","7.289,0","7.361,1","7.361,1","7.140,3","963,55K","-0,98%"
"08.04.2020","7.361,2","7.185,6","7.396,1","7.153,1","983,94K","2,45%"
"07.04.2020","7.185,2","7.332,3","7.440,3","7.101,7","1,32M","-2,01%"
"06.04.2020","7.332,3","6.772,8","7.335,0","6.770,1","1,53M","8,26%"
"05.04.2020","6.772,7","6.857,5","6.889,4","6.686,0","842,33K","-1,23%"
"04.04.2020","6.857,4","6.735,9","6.958,6","6.679,1","1,05M","1,80%"
"03.04.2020","6.735,9","6.799,9","7.026,3","6.623,6","1,35M","-0,95%"
"02.04.2020","6.800,5","6.638,8","7.182,7","6.567,9","1,74M","2,44%"
"01.04.2020","6.638,5","6.412,4","6.661,3","6.157,4","1,40M","3,52%"
"31.03.2020","6.412,5","6.391,1","6.513,1","6.346,3","1,05M","0,34%"
"30.03.2020","6.391,0","5.890,4","6.576,5","5.872,5","1,43M","8,50%"
"29.03.2020","5.890,4","6.233,2","6.258,8","5.889,3","916,17K","-5,51%"
"28.03.2020","6.233,7","6.373,4","6.374,3","6.046,5","1,26M","-2,19%"
"27.03.2020","6.373,4","6.725,5","6.813,7","6.322,3","1,16M","-5,23%"
"26.03.2020","6.725,1","6.677,9","6.772,9","6.541,7","1,18M","0,69%"
"25.03.2020","6.678,9","6.744,8","6.930,2","6.474,6","1,52M","-0,97%"
"24.03.2020","6.744,6","6.468,8","6.814,2","6.380,8","1,73M","4,26%"
"23.03.2020","6.468,9","5.822,0","6.564,7","5.710,8","1,88M","11,11%"
"22.03.2020","5.822,1","6.186,9","6.394,4","5.771,2","1,48M","-5,89%"
"21.03.2020","6.186,2","6.205,6","6.438,3","5.887,0","1,64M","-0,31%"
"20.03.2020","6.205,3","6.171,6","6.858,1","5.748,2","2,22M","0,54%"
"19.03.2020","6.172,0","5.359,2","6.379,5","5.256,0","2,18M","15,12%"
"18.03.2020","5.361,4","5.260,7","5.373,1","5.020,9","1,80M","1,91%"
"17.03.2020","5.261,1","5.030,2","5.432,8","4.946,5","1,89M","4,59%"
"16.03.2020","5.030,0","5.366,4","5.369,3","4.477,7","2,55M","-6,27%"
"15.03.2020","5.366,3","5.182,9","5.863,3","5.120,6","1,61M","3,54%"
"14.03.2020","5.182,7","5.589,4","5.634,9","5.072,2","1,69M","-7,19%"
"13.03.2020","5.584,3","4.815,2","5.934,3","3.869,5","4,17M","15,71%"
"12.03.2020","4.826,0","7.935,2","7.963,1","4.546,6","3,22M","-39,18%"
"11.03.2020","7.935,1","7.892,1","7.976,5","7.606,0","1,10M","0,56%"
"10.03.2020","7.891,2","7.933,0","8.145,5","7.740,2","1,20M","-0,53%"
"09.03.2020","7.933,0","8.035,8","8.158,8","7.648,7","1,54M","-1,26%"
"08.03.2020","8.034,1","8.887,8","8.888,0","8.015,3","1,11M","-9,61%"
"07.03.2020","8.887,8","9.134,2","9.180,8","8.848,7","750,65K","-2,70%"
"06.03.2020","9.134,8","9.060,6","9.165,2","9.004,9","1,04M","0,82%"
"05.03.2020","9.060,3","8.757,9","9.147,3","8.751,5","950,76K","3,45%"
"04.03.2020","8.757,9","8.761,3","8.840,3","8.679,7","759,69K","-0,04%"
"03.03.2020","8.761,4","8.906,1","8.911,7","8.669,3","1,01M","-1,61%"
"02.03.2020","8.904,8","8.537,5","8.961,8","8.503,1","1,02M","4,27%"
"01.03.2020","8.540,0","8.543,8","8.737,2","8.437,2","784,05K","-0,04%"
"29.02.2020","8.543,7","8.697,1","8.793,7","8.539,8","683,44K","-1,77%"
"28.02.2020","8.697,5","8.820,1","8.898,7","8.451,9","1,08M","-1,37%"
"27.02.2020","8.818,6","8.800,1","8.968,3","8.538,5","1,13M","0,21%"
"26.02.2020","8.800,3","9.317,1","9.368,1","8.672,0","1,32M","-5,55%"
"25.02.2020","9.317,2","9.662,6","9.672,3","9.269,8","937,97K","-3,57%"
"24.02.2020","9.662,7","9.943,2","9.981,0","9.507,0","980,00K","-2,82%"
"23.02.2020","9.942,7","9.655,6","9.965,6","9.653,4","775,88K","2,97%"
"22.02.2020","9.655,7","9.684,5","9.706,5","9.569,8","589,88K","-0,30%"
"21.02.2020","9.684,5","9.602,2","9.747,1","9.574,5","716,61K","0,85%"
"20.02.2020","9.602,4","9.611,9","9.681,4","9.448,9","870,80K","-0,07%"
"19.02.2020","9.609,4","10.158,6","10.230,9","9.424,3","905,95K","-5,40%"
"18.02.2020","10.158,4","9.701,5","10.230,1","9.601,6","945,91K","4,71%"
"17.02.2020","9.701,4","9.931,7","9.951,5","9.468,9","961,88K","-2,32%"
"16.02.2020","9.932,3","9.907,4","10.056,4","9.654,9","808,91K","0,25%"
"15.02.2020","9.907,7","10.336,0","10.369,8","9.831,7","808,81K","-4,12%"
"14.02.2020","10.333,0","10.235,5","10.372,4","10.125,2","732,51K","0,96%"
"13.02.2020","10.235,1","10.321,9","10.482,6","10.116,9","940,30K","-0,80%"
"12.02.2020","10.317,7","10.229,3","10.435,6","10.229,3","803,25K","0,86%"
"11.02.2020","10.229,5","9.854,0","10.314,1","9.725,1","791,28K","3,81%"
"10.02.2020","9.854,1","10.151,5","10.181,7","9.774,8","781,22K","-2,93%"
"09.02.2020","10.151,5","9.895,4","10.157,1","9.882,7","617,35K","2,59%"
"08.02.2020","9.895,5","9.817,3","9.931,2","9.673,2","551,31K","0,78%"
"07.02.2020","9.818,6","9.771,9","9.872,5","9.738,7","608,96K","0,48%"
"06.02.2020","9.772,0","9.611,8","9.854,9","9.536,1","778,67K","1,67%"
"05.02.2020","9.611,8","9.194,1","9.726,8","9.179,9","771,46K","4,54%"
"04.02.2020","9.193,9","9.296,5","9.347,5","9.193,9","651,68K","-1,10%"
"03.02.2020","9.296,6","9.334,6","9.582,8","9.243,1","701,39K","-0,41%"
"02.02.2020","9.334,9","9.381,5","9.465,4","9.183,1","683,37K","-0,50%"
"01.02.2020","9.381,6","9.349,3","9.458,8","9.301,5","458,42K","0,35%"
"31.01.2020","9.349,1","9.508,3","9.525,0","9.222,3","633,37K","-1,66%"
"30.01.2020","9.507,3","9.299,1","9.569,0","9.209,2","765,21K","2,24%"
"29.01.2020","9.298,9","9.377,3","9.428,7","9.250,9","749,88K","-0,84%"
"28.01.2020","9.377,3","8.866,6","9.389,5","8.866,6","954,20K","5,76%"
"27.01.2020","8.866,6","8.608,1","8.983,1","8.585,6","706,45K","3,01%"
"26.01.2020","8.607,8","8.341,6","8.607,8","8.304,9","468,34K","3,19%"
"25.01.2020","8.341,6","8.439,9","8.447,6","8.277,2","444,00K","-1,17%"
"24.01.2020","8.439,9","8.404,9","8.522,0","8.242,6","617,02K","0,41%"
"23.01.2020","8.405,1","8.678,5","8.687,3","8.309,6","722,67K","-3,15%"
"22.01.2020","8.678,5","8.733,0","8.805,4","8.610,8","509,06K","-0,62%"
"21.01.2020","8.732,6","8.642,0","8.770,3","8.524,0","540,20K","1,05%"
"20.01.2020","8.641,9","8.705,7","8.740,1","8.539,2","599,06K","-0,74%"
"19.01.2020","8.706,2","8.916,3","9.183,7","8.552,8","975,01K","-2,36%"
"18.01.2020","8.916,3","8.913,0","8.982,3","8.814,6","627,74K","0,04%"
"17.01.2020","8.913,1","8.726,7","9.005,1","8.675,9","794,11K","2,13%"
"16.01.2020","8.726,9","8.818,1","8.850,0","8.605,8","748,32K","-1,04%"
"15.01.2020","8.818,3","8.827,9","8.904,0","8.615,5","1,17M","-0,12%"
"14.01.2020","8.829,2","8.111,2","8.898,7","8.111,2","1,48M","8,85%"
"13.01.2020","8.111,4","8.188,3","8.196,7","8.068,4","610,66K","-0,93%"
"12.01.2020","8.187,6","8.023,3","8.189,9","7.973,1","595,22K","2,04%"
"11.01.2020","8.024,1","8.187,8","8.262,9","8.008,4","776,75K","-1,99%"
"10.01.2020","8.187,1","7.842,5","8.187,4","7.697,7","1,05M","4,40%"
"09.01.2020","7.842,4","8.060,0","8.065,9","7.779,2","786,50K","-2,70%"
"08.01.2020","8.059,6","8.154,2","8.436,4","7.900,8","1,19M","-1,18%"
"07.01.2020","8.155,7","7.759,1","8.182,0","7.754,1","1,01M","5,11%"
"06.01.2020","7.759,1","7.372,6","7.783,1","7.366,7","786,75K","5,24%"
"05.01.2020","7.372,5","7.376,8","7.501,0","7.345,6","628,14K","-0,06%"
"04.01.2020","7.376,8","7.345,1","7.433,1","7.291,4","523,91K","0,46%"
"03.01.2020","7.343,1","6.967,1","7.402,9","6.884,1","936,29K","5,40%"
"02.01.2020","6.967,0","7.199,7","7.209,6","6.901,4","632,78K","-3,23%"
"01.01.2020","7.199,8","7.196,4","7.259,4","7.180,0","420,28K","0,05%"
"31.12.2019","7.196,4","7.261,5","7.331,0","7.167,4","586,60K","-0,90%"
"30.12.2019","7.261,8","7.397,5","7.420,9","7.244,1","606,11K","-1,84%"
"29.12.2019","7.397,5","7.321,6","7.518,9","7.303,0","611,69K","1,04%"
"28.12.2019","7.321,5","7.261,9","7.375,9","7.256,5","610,96K","0,82%"
"27.12.2019","7.261,7","7.210,8","7.293,8","7.128,5","718,07K","0,70%"
"26.12.2019","7.210,9","7.225,0","7.414,3","7.177,3","795,09K","-0,19%"
"25.12.2019","7.224,8","7.268,3","7.542,4","7.150,9","625,41K","-0,60%"
"24.12.2019","7.268,3","7.322,4","7.433,2","7.185,7","785,54K","-0,74%"
"23.12.2019","7.322,8","7.496,2","7.684,0","7.276,2","952,16K","-2,31%"
"22.12.2019","7.495,8","7.156,3","7.501,1","7.142,0","677,94K","4,74%"
"21.12.2019","7.156,2","7.196,4","7.197,6","7.129,6","468,74K","-0,56%"
"20.12.2019","7.196,4","7.165,5","7.218,4","7.107,7","627,04K","0,43%"
"19.12.2019","7.165,5","7.276,4","7.354,0","7.039,3","778,72K","-1,52%"
"18.12.2019","7.276,0","6.613,5","7.387,7","6.462,2","1,14M","10,02%"
"17.12.2019","6.613,3","6.903,5","6.943,5","6.575,0","894,55K","-4,20%"
"16.12.2019","6.903,5","7.128,5","7.153,1","6.864,6","689,56K","-3,16%"
"15.12.2019","7.128,5","7.080,8","7.175,8","7.033,8","492,58K","0,67%"
"14.12.2019","7.080,8","7.255,2","7.267,4","7.043,3","524,56K","-2,40%"
"13.12.2019","7.255,2","7.208,4","7.288,0","7.200,3","503,49K","0,65%"
"12.12.2019","7.208,0","7.208,0","7.272,4","7.124,6","611,80K","0,00%"
"11.12.2019","7.208,0","7.235,8","7.284,4","7.168,8","518,40K","-0,38%"
"10.12.2019","7.235,7","7.356,2","7.400,3","7.192,1","609,50K","-1,63%"
"09.12.2019","7.355,8","7.524,8","7.626,0","7.321,6","648,66K","-2,24%"
"08.12.2019","7.524,4","7.510,8","7.576,4","7.416,7","499,04K","0,18%"
"07.12.2019","7.510,9","7.530,4","7.595,7","7.489,6","557,14K","-0,26%"
"06.12.2019","7.530,8","7.399,2","7.552,1","7.329,8","706,10K","1,78%"
"05.12.2019","7.399,2","7.204,6","7.476,3","7.184,0","780,78K","2,70%"
"04.12.2019","7.204,4","7.291,9","7.702,2","7.113,6","971,75K","-1,20%"
"03.12.2019","7.291,8","7.298,1","7.389,4","7.227,1","548,77K","-0,09%"
"02.12.2019","7.298,2","7.395,9","7.433,8","7.173,6","687,78K","-1,33%"
"01.12.2019","7.396,4","7.546,5","7.546,5","7.244,4","777,00K","-1,99%"
"30.11.2019","7.546,6","7.742,7","7.787,7","7.472,7","650,60K","-2,53%"
"29.11.2019","7.742,7","7.426,6","7.825,3","7.412,3","766,71K","4,26%"
"28.11.2019","7.426,7","7.510,6","7.639,5","7.380,6","737,58K","-1,12%"
"27.11.2019","7.510,6","7.162,8","7.636,9","6.875,4","996,49K","4,86%"
"26.11.2019","7.162,8","7.115,5","7.329,5","7.045,1","844,27K","0,66%"
"25.11.2019","7.115,6","6.924,7","7.352,8","6.534,8","1,29M","2,76%"
"24.11.2019","6.924,7","7.325,0","7.344,1","6.894,9","904,50K","-5,45%"
"23.11.2019","7.324,1","7.271,6","7.342,5","7.093,7","783,18K","0,71%"
"22.11.2019","7.272,5","7.627,9","7.700,9","6.818,5","1,41M","-4,66%"
"21.11.2019","7.627,9","8.099,4","8.129,6","7.519,7","891,50K","-5,82%"
"20.11.2019","8.099,3","8.145,7","8.223,0","8.074,2","607,27K","-0,57%"
"19.11.2019","8.145,7","8.207,7","8.245,6","8.032,8","654,27K","-0,76%"
"18.11.2019","8.208,4","8.510,3","8.516,3","8.110,4","692,60K","-3,54%"
"17.11.2019","8.509,8","8.497,4","8.631,7","8.413,0","531,22K","0,15%"
"16.11.2019","8.497,3","8.476,2","8.532,8","8.450,7","471,16K","0,25%"
"15.11.2019","8.476,3","8.660,8","8.761,8","8.437,1","653,71K","-2,13%"
"14.11.2019","8.661,2","8.782,9","8.799,8","8.615,8","515,43K","-1,39%"
"13.11.2019","8.783,1","8.813,2","8.829,7","8.721,1","454,33K","-0,33%"
"12.11.2019","8.812,6","8.737,4","8.841,2","8.615,7","575,16K","0,87%"
"11.11.2019","8.736,9","9.036,9","9.066,4","8.649,4","601,16K","-3,32%"
"10.11.2019","9.036,8","8.804,7","9.092,9","8.763,5","581,57K","2,64%"
"09.11.2019","8.804,5","8.778,1","8.877,5","8.746,9","512,02K","0,30%"
"08.11.2019","8.778,2","9.223,6","9.254,8","8.722,4","791,79K","-4,83%"
"07.11.2019","9.223,5","9.339,2","9.367,0","9.130,0","603,54K","-1,24%"
"06.11.2019","9.338,9","9.311,2","9.424,6","9.262,7","578,03K","0,30%"
"05.11.2019","9.310,8","9.396,1","9.452,7","9.193,9","653,42K","-0,91%"
"04.11.2019","9.396,4","9.198,7","9.500,4","9.134,1","681,01K","2,15%"
"03.11.2019","9.198,3","9.300,5","9.359,1","9.095,0","536,56K","-1,10%"
"02.11.2019","9.300,6","9.230,3","9.356,7","9.201,2","570,74K","0,76%"
"01.11.2019","9.230,1","9.153,1","9.270,4","9.057,2","689,65K","0,85%"
"31.10.2019","9.152,6","9.157,9","9.378,9","8.959,6","798,93K","-0,06%"
"30.10.2019","9.157,9","9.411,3","9.411,3","9.018,4","789,73K","-2,69%"
"29.10.2019","9.411,3","9.206,5","9.531,3","9.125,3","918,48K","2,22%"
"28.10.2019","9.207,2","9.530,1","9.866,9","9.202,5","1,04M","-3,38%"
"27.10.2019","9.529,6","9.230,6","9.773,2","9.081,0","1,16M","3,24%"
"26.10.2019","9.230,6","8.658,4","10.540,0","8.061,8","1,78M","6,61%"
"25.10.2019","8.658,3","7.422,8","8.697,7","7.404,9","1,18M","16,65%"
"24.10.2019","7.422,7","7.476,8","7.501,5","7.366,3","586,49K","-0,73%"
"23.10.2019","7.477,0","8.031,0","8.055,0","7.329,2","892,08K","-6,90%"
"22.10.2019","8.031,4","8.207,4","8.289,1","8.017,7","570,39K","-2,15%"
"21.10.2019","8.208,2","8.224,1","8.315,3","8.155,7","489,40K","-0,18%"
"20.10.2019","8.223,4","7.957,4","8.288,5","7.889,6","513,91K","3,34%"
"19.10.2019","7.957,3","7.948,3","8.060,2","7.892,4","428,83K","0,11%"
"18.10.2019","7.948,5","8.073,3","8.116,4","7.842,0","505,79K","-1,55%"
"17.10.2019","8.073,3","8.000,4","8.118,2","7.944,4","444,95K","0,91%"
"16.10.2019","8.000,4","8.167,1","8.185,9","7.929,8","538,92K","-2,04%"
"15.10.2019","8.167,2","8.353,4","8.400,2","8.139,5","469,73K","-2,23%"
"14.10.2019","8.353,3","8.281,3","8.374,3","8.222,2","505,02K","0,87%"
"13.10.2019","8.281,5","8.304,3","8.450,2","8.190,6","419,87K","-0,28%"
"12.10.2019","8.304,4","8.267,6","8.394,8","8.260,9","424,02K","0,44%"
"11.10.2019","8.267,8","8.562,2","8.751,1","8.249,7","667,86K","-3,44%"
"10.10.2019","8.562,3","8.566,8","8.638,5","8.438,7","511,46K","-0,05%"
"09.10.2019","8.566,7","8.180,1","8.655,9","8.122,7","636,43K","4,69%"
"08.10.2019","8.182,9","8.198,5","8.323,1","8.118,1","469,04K","-0,19%"
"07.10.2019","8.198,6","7.882,6","8.293,5","7.797,0","604,74K","4,02%"
"06.10.2019","7.881,9","8.127,3","8.145,5","7.834,9","448,80K","-3,02%"
"05.10.2019","8.127,3","8.148,0","8.185,1","8.030,6","360,92K","-0,25%"
"04.10.2019","8.148,1","8.227,6","8.233,6","8.041,4","416,92K","-0,96%"
"03.10.2019","8.226,9","8.363,6","8.391,7","8.090,1","460,97K","-1,64%"
"02.10.2019","8.364,1","8.302,7","8.374,0","8.167,7","405,86K","0,74%"
"01.10.2019","8.302,7","8.285,0","8.486,2","8.187,9","533,95K","0,22%"
"30.09.2019","8.284,3","8.048,9","8.318,5","7.749,0","600,26K","2,92%"
"29.09.2019","8.049,1","8.208,0","8.226,8","7.922,1","418,48K","-1,94%"
"28.09.2019","8.208,5","8.184,5","8.297,2","8.031,1","457,79K","0,29%"
"27.09.2019","8.184,9","8.063,8","8.257,4","7.882,1","561,40K","1,50%"
"26.09.2019","8.063,8","8.432,5","8.463,1","7.773,6","731,03K","-4,37%"
"25.09.2019","8.432,4","8.512,3","8.729,8","8.245,1","696,11K","-0,96%"
"24.09.2019","8.513,9","9.702,7","9.793,8","8.069,4","933,16K","-12,25%"
"23.09.2019","9.702,2","10.031,3","10.048,8","9.656,3","431,10K","-3,28%"
"22.09.2019","10.031,6","9.993,0","10.075,0","9.870,9","337,06K","0,39%"
"21.09.2019","9.993,0","10.172,8","10.177,9","9.939,8","326,17K","-1,77%"
"20.09.2019","10.172,7","10.251,5","10.279,5","10.088,6","362,07K","-0,76%"
"19.09.2019","10.250,5","10.164,6","10.297,6","9.707,6","542,25K","0,84%"
"18.09.2019","10.164,7","10.195,7","10.257,5","10.119,3","318,82K","-0,30%"
"17.09.2019","10.195,7","10.254,6","10.273,6","10.153,5","321,64K","-0,58%"
"16.09.2019","10.255,5","10.311,3","10.360,5","10.108,5","372,53K","-0,54%"
"15.09.2019","10.311,5","10.337,3","10.360,4","10.272,0","255,79K","-0,25%"
"14.09.2019","10.337,3","10.342,2","10.421,4","10.253,7","326,44K","-0,05%"
"13.09.2019","10.342,1","10.415,2","10.441,4","10.174,1","365,52K","-0,70%"
"12.09.2019","10.415,1","10.162,4","10.447,9","10.051,0","413,22K","2,49%"
"11.09.2019","10.162,5","10.104,9","10.257,5","9.908,9","413,06K","0,57%"
"10.09.2019","10.105,4","10.308,7","10.379,8","9.970,7","383,22K","-1,98%"
"09.09.2019","10.309,0","10.402,1","10.478,0","10.095,7","473,76K","-0,90%"
"08.09.2019","10.402,8","10.461,6","10.578,0","10.266,3","339,73K","-0,56%"
"07.09.2019","10.461,1","10.306,9","10.556,4","10.302,3","393,57K","1,47%"
"06.09.2019","10.309,3","10.566,7","10.896,2","10.227,4","643,02K","-2,44%"
"05.09.2019","10.566,9","10.567,8","10.630,7","10.469,9","402,09K","-0,01%"
"04.09.2019","10.568,2","10.611,6","10.783,6","10.388,6","504,45K","-0,42%"
"03.09.2019","10.612,3","10.348,1","10.756,8","10.283,5","578,79K","2,55%"
"02.09.2019","10.348,8","9.728,8","10.431,5","9.720,3","542,79K","6,37%"
"01.09.2019","9.729,3","9.594,7","9.799,5","9.533,6","322,66K","1,41%"
"31.08.2019","9.594,4","9.585,5","9.677,5","9.457,3","311,49K","0,09%"
"30.08.2019","9.585,4","9.494,1","9.675,7","9.370,2","413,92K","0,99%"
"29.08.2019","9.491,0","9.729,1","9.729,1","9.343,0","509,13K","-2,45%"
"28.08.2019","9.729,4","10.184,7","10.271,3","9.629,6","580,29K","-4,47%"
"27.08.2019","10.184,8","10.372,2","10.387,6","10.060,2","419,81K","-1,80%"
"26.08.2019","10.371,8","10.136,0","10.568,2","10.136,0","568,77K","2,32%"
"25.08.2019","10.136,3","10.132,1","10.307,0","9.935,2","422,53K","0,05%"
"24.08.2019","10.131,0","10.389,4","10.415,9","9.917,5","463,85K","-2,48%"
"23.08.2019","10.388,7","10.104,9","10.434,3","9.921,4","436,26K","2,81%"
"22.08.2019","10.105,0","10.141,1","10.218,2","9.777,0","520,75K","-0,36%"
"21.08.2019","10.141,5","10.753,3","10.797,8","9.908,0","717,65K","-5,68%"
"20.08.2019","10.752,6","10.911,2","10.941,6","10.581,0","515,47K","-1,45%"
"19.08.2019","10.910,7","10.312,8","10.923,9","10.267,8","519,01K","5,80%"
"18.08.2019","10.312,7","10.219,3","10.494,9","10.086,7","441,11K","0,93%"
"17.08.2019","10.218,1","10.335,5","10.460,7","10.016,3","497,77K","-1,14%"
"16.08.2019","10.335,6","10.300,9","10.734,0","9.788,6","798,67K","0,31%"
"15.08.2019","10.303,4","10.053,3","10.448,2","9.580,1","930,05K","2,53%"
"14.08.2019","10.049,4","10.894,2","10.894,5","9.965,5","745,59K","-7,74%"
"13.08.2019","10.892,9","11.395,0","11.445,6","10.793,2","540,78K","-4,40%"
"12.08.2019","11.394,2","11.505,1","11.508,6","11.267,3","391,08K","-1,07%"
"11.08.2019","11.517,2","11.314,6","11.728,4","11.146,1","435,83K","1,79%"
"10.08.2019","11.314,5","12.090,5","12.185,0","11.281,6","570,74K","-6,41%"
"09.08.2019","12.089,8","12.190,0","12.225,3","11.885,0","558,72K","-0,84%"
"08.08.2019","12.191,6","12.015,9","12.236,6","11.727,0","592,15K","1,48%"
"07.08.2019","12.013,9","11.481,0","12.114,5","11.406,4","702,85K","4,64%"
"06.08.2019","11.480,9","11.817,6","12.291,9","11.237,0","807,58K","-2,84%"
"05.08.2019","11.816,8","10.934,8","11.922,3","10.934,8","769,63K","8,07%"
"04.08.2019","10.934,6","10.816,1","11.017,7","10.568,8","585,71K","1,10%"
"03.08.2019","10.815,7","10.519,9","10.893,6","10.504,5","508,75K","2,81%"
"02.08.2019","10.520,1","10.380,5","10.664,8","10.330,5","578,29K","1,35%"
"01.08.2019","10.380,0","10.081,9","10.459,0","9.890,6","608,37K","2,96%"
"31.07.2019","10.082,0","9.580,3","10.100,0","9.562,4","589,84K","5,23%"
"30.07.2019","9.580,7","9.580,0","9.703,0","9.483,0","511,51K","-0,00%"
"29.07.2019","9.580,9","9.728,5","9.835,4","9.502,5","510,90K","-1,51%"
"28.07.2019","9.727,8","9.491,1","9.798,5","9.401,1","518,59K","2,48%"
"27.07.2019","9.492,1","9.830,4","10.232,3","9.389,1","661,89K","-3,45%"
"26.07.2019","9.831,0","9.945,2","10.436,1","9.724,2","493,75K","-1,15%"
"25.07.2019","9.945,3","9.804,7","10.203,5","9.776,6","545,85K","1,44%"
"24.07.2019","9.804,3","9.887,2","9.945,3","9.584,0","639,54K","-0,85%"
"23.07.2019","9.888,7","10.412,8","10.414,7","9.865,4","663,38K","-5,03%"
"22.07.2019","10.412,5","10.715,1","10.806,3","10.196,5","591,27K","-2,82%"
"21.07.2019","10.714,4","10.827,0","10.883,8","10.442,5","562,17K","-1,04%"
"20.07.2019","10.826,7","10.571,9","11.155,6","10.462,0","668,94K","2,41%"
"19.07.2019","10.571,5","10.651,6","10.758,4","10.160,7","727,79K","-0,75%"
"18.07.2019","10.651,4","9.723,1","10.787,1","9.390,0","974,49K","9,55%"
"17.07.2019","9.723,2","9.425,1","9.983,6","9.082,6","1,03M","3,17%"
"16.07.2019","9.424,8","10.844,0","11.019,5","9.375,3","1,05M","-13,10%"
"15.07.2019","10.845,9","10.199,9","11.064,7","9.885,4","956,52K","6,33%"
"14.07.2019","10.200,1","11.364,3","11.448,7","10.128,9","840,76K","-10,25%"
"13.07.2019","11.364,9","11.762,8","11.798,4","10.839,4","747,71K","-3,38%"
"12.07.2019","11.762,1","11.343,7","11.881,4","11.109,8","738,17K","3,70%"
"11.07.2019","11.342,3","12.111,6","12.111,6","11.029,0","943,13K","-6,34%"
"10.07.2019","12.110,6","12.542,8","13.134,4","11.594,9","1,11M","-3,44%"
"09.07.2019","12.541,5","12.250,6","12.772,9","12.111,2","847,84K","2,36%"
"08.07.2019","12.252,6","11.415,8","12.332,3","11.304,8","695,60K","7,33%"
"07.07.2019","11.415,9","11.267,9","11.524,6","11.108,1","601,93K","1,31%"
"06.07.2019","11.268,0","10.969,8","11.650,2","10.967,9","688,96K","2,71%"
"05.07.2019","10.970,2","11.159,7","11.381,8","10.810,3","772,67K","-1,73%"
"04.07.2019","11.163,1","11.899,3","11.948,0","11.087,1","840,34K","-6,20%"
"03.07.2019","11.900,8","10.835,9","11.931,8","10.835,9","998,73K","9,83%"
"02.07.2019","10.835,9","10.615,5","10.923,5","9.728,5","1,12M","2,07%"
"01.07.2019","10.616,6","10.821,4","11.254,5","10.041,6","1,04M","-1,87%"
"30.06.2019","10.818,6","11.906,0","12.179,3","10.765,4","880,77K","-9,14%"
"29.06.2019","11.906,5","12.408,0","12.422,9","11.490,8","834,62K","-4,05%"
"28.06.2019","12.409,1","11.288,4","12.461,8","10.970,5","1,09M","9,93%"
"27.06.2019","11.287,8","13.062,4","13.422,0","10.493,5","1,59M","-13,59%"
"26.06.2019","13.063,8","11.811,6","13.929,8","11.747,3","1,48M","10,62%"
"25.06.2019","11.809,9","11.046,6","11.833,9","11.033,7","781,09K","6,91%"
"24.06.2019","11.046,4","10.897,3","11.114,4","10.622,6","566,96K","1,37%"
"23.06.2019","10.897,1","10.721,5","11.361,3","10.557,8","683,79K","1,64%"
"22.06.2019","10.721,7","10.178,1","11.160,5","10.031,3","1,09M","5,33%"
"21.06.2019","10.179,3","9.517,7","10.184,3","9.517,4","769,12K","6,96%"
"20.06.2019","9.517,0","9.255,0","9.583,9","9.188,4","693,62K","2,83%"
"19.06.2019","9.255,4","9.080,7","9.295,1","9.044,0","587,57K","1,93%"
"18.06.2019","9.080,6","9.318,9","9.336,1","8.962,7","723,17K","-2,56%"
"17.06.2019","9.318,8","8.961,0","9.438,1","8.959,8","738,80K","3,98%"
"16.06.2019","8.962,5","8.812,2","9.332,0","8.771,1","849,77K","1,70%"
"15.06.2019","8.812,5","8.655,8","8.856,7","8.582,3","608,69K","1,81%"
"14.06.2019","8.656,1","8.218,6","8.685,3","8.153,2","643,17K","5,32%"
"13.06.2019","8.219,0","8.132,4","8.306,1","8.028,6","574,21K","1,06%"
"12.06.2019","8.133,1","7.888,0","8.198,1","7.805,8","607,89K","3,11%"
"11.06.2019","7.888,0","7.987,8","8.010,4","7.714,5","579,00K","-1,25%"
"10.06.2019","7.987,8","7.635,0","8.012,8","7.523,6","641,38K","4,62%"
"09.06.2019","7.635,0","7.901,6","7.937,5","7.516,9","554,48K","-3,37%"
"08.06.2019","7.901,4","7.985,3","8.044,4","7.770,5","485,81K","-1,05%"
"07.06.2019","7.985,2","7.785,8","8.099,4","7.749,4","588,87K","2,57%"
"06.06.2019","7.784,9","7.779,6","7.861,4","7.480,4","651,82K","0,08%"
"05.06.2019","7.779,1","7.685,6","7.885,0","7.590,4","762,94K","1,22%"
"04.06.2019","7.685,5","8.118,1","8.118,1","7.494,0","966,95K","-5,41%"
"03.06.2019","8.124,8","8.728,6","8.734,9","8.102,7","739,45K","-6,92%"
"02.06.2019","8.728,6","8.545,8","8.807,7","8.534,8","614,54K","2,14%"
"01.06.2019","8.545,7","8.556,9","8.615,8","8.454,0","686,75K","-0,15%"
"31.05.2019","8.558,3","8.271,4","8.578,8","8.135,0","858,41K","3,46%"
"30.05.2019","8.271,9","8.647,8","9.045,9","8.054,7","1,04M","-4,35%"
"29.05.2019","8.647,8","8.715,6","8.747,2","8.435,3","15,43M","-0,79%"
"28.05.2019","8.716,3","8.759,4","8.794,1","8.568,8","763,20K","-0,50%"
"27.05.2019","8.760,1","8.628,9","8.902,8","8.607,3","907,96K","1,51%"
"26.05.2019","8.630,2","8.029,6","8.718,6","7.866,5","872,12K","7,51%"
"25.05.2019","8.027,4","7.971,4","8.090,1","7.919,1","691,27K","0,72%"
"24.05.2019","7.970,1","7.852,8","8.124,1","7.775,4","868,47K","1,50%"
"23.05.2019","7.852,1","7.637,2","7.939,1","7.486,8","815,14K","2,83%"
"22.05.2019","7.635,7","7.928,7","7.999,0","7.545,9","821,40K","-3,72%"
"21.05.2019","7.930,3","7.965,0","8.056,8","7.813,2","804,88K","-0,44%"
"20.05.2019","7.965,3","8.156,4","8.156,4","7.604,0","958,81K","-2,35%"
"19.05.2019","8.157,2","7.261,9","8.253,4","7.252,3","1,08M","12,32%"
"18.05.2019","7.262,6","7.359,9","7.458,5","7.189,4","865,53K","-1,32%"
"17.05.2019","7.359,5","7.871,9","7.924,0","6.998,6","1,43M","-6,51%"
"16.05.2019","7.871,8","8.164,8","8.293,3","7.720,4","1,18M","-3,59%"
"15.05.2019","8.164,6","7.994,8","8.225,3","7.856,5","1,13M","2,13%"
"14.05.2019","7.994,6","7.806,4","8.323,9","7.674,0","1,33M","2,42%"
"13.05.2019","7.806,0","6.984,7","8.058,3","6.893,1","1,20M","11,76%"
"12.05.2019","6.984,8","7.190,0","7.518,9","6.802,6","1,35M","-2,86%"
"11.05.2019","7.190,3","6.386,6","7.373,8","6.386,5","1,31M","12,59%"
"10.05.2019","6.386,0","6.194,3","6.466,6","6.157,8","907,94K","3,14%"
"09.05.2019","6.191,5","5.990,5","6.206,0","5.990,0","799,96K","3,36%"
"08.05.2019","5.990,3","5.849,4","6.011,3","5.799,1","757,13K","2,41%"
"07.05.2019","5.849,5","5.745,5","6.019,8","5.745,5","955,88K","1,82%"
"06.05.2019","5.745,1","5.775,1","5.801,4","5.630,5","755,39K","-0,52%"
"05.05.2019","5.774,9","5.830,8","5.838,2","5.708,2","709,02K","-0,96%"
"04.05.2019","5.830,9","5.768,0","5.899,2","5.605,0","920,61K","1,11%"
"03.05.2019","5.766,8","5.493,6","5.844,2","5.478,7","1,04M","4,97%"
"02.05.2019","5.493,8","5.384,6","5.530,8","5.370,0","722,23K","2,04%"
"01.05.2019","5.384,2","5.321,1","5.396,3","5.319,5","623,64K","1,19%"
"30.04.2019","5.320,8","5.235,4","5.336,6","5.195,9","697,42K","1,64%"
"29.04.2019","5.235,0","5.302,4","5.322,9","5.188,9","775,82K","-1,27%"
"28.04.2019","5.302,3","5.265,7","5.332,5","5.234,4","681,41K","0,69%"
"27.04.2019","5.265,9","5.298,2","5.318,1","5.225,4","833,13K","-0,61%"
"26.04.2019","5.298,3","5.209,2","5.469,3","5.159,3","1,03M","1,71%"
"25.04.2019","5.209,1","5.415,6","5.528,2","5.137,4","955,36K","-3,81%"
"24.04.2019","5.415,6","5.511,2","5.589,6","5.346,8","994,04K","-1,74%"
"23.04.2019","5.511,6","5.346,5","5.594,4","5.291,4","900,00K","3,08%"
"22.04.2019","5.346,7","5.248,2","5.370,2","5.170,2","920,77K","1,97%"
"21.04.2019","5.243,5","5.290,2","5.308,2","5.189,8","811,41K","-0,88%"
"20.04.2019","5.290,2","5.241,0","5.327,0","5.240,2","782,32K","0,94%"
"19.04.2019","5.241,0","5.264,8","5.282,4","5.192,1","787,09K","-0,45%"
"18.04.2019","5.264,7","5.208,3","5.293,1","5.205,0","727,97K","1,08%"
"17.04.2019","5.208,3","5.182,1","5.230,9","5.165,5","806,52K","0,53%"
"16.04.2019","5.180,9","5.031,4","5.198,4","5.014,4","631,05K","2,95%"
"15.04.2019","5.032,3","5.135,1","5.168,0","4.964,2","688,20K","-2,00%"
"14.04.2019","5.134,8","5.052,0","5.153,5","5.010,7","566,38K","1,64%"
"13.04.2019","5.051,8","5.054,2","5.093,4","5.011,6","577,16K","-0,05%"
"12.04.2019","5.054,2","5.022,7","5.080,5","4.889,2","779,14K","0,63%"
"11.04.2019","5.022,6","5.307,7","5.337,0","4.948,0","943,49K","-5,37%"
"10.04.2019","5.307,8","5.158,4","5.404,1","5.142,9","837,51K","2,89%"
"09.04.2019","5.158,4","5.245,0","5.245,9","5.095,2","784,62K","-1,65%"
"08.04.2019","5.245,2","5.173,5","5.300,6","5.060,5","928,23K","1,38%"
"07.04.2019","5.173,6","5.046,1","5.219,5","5.033,7","841,27K","2,53%"
"06.04.2019","5.046,2","5.010,0","5.198,4","4.947,9","952,18K","0,72%"
"05.04.2019","5.010,2","4.902,5","5.029,4","4.888,3","851,72K","2,20%"
"04.04.2019","4.902,4","4.968,7","5.042,5","4.789,2","1,05M","-1,33%"
"03.04.2019","4.968,7","4.859,3","5.278,4","4.814,0","13,83M","2,25%"
"02.04.2019","4.859,3","4.145,1","4.899,6","4.143,5","14,77M","17,23%"
"01.04.2019","4.145,1","4.102,3","4.159,1","4.076,8","3,22M","1,04%"
"31.03.2019","4.102,3","4.111,8","4.121,9","4.082,2","2,43M","-0,23%"
"30.03.2019","4.111,8","4.103,7","4.138,1","4.057,1","2,55M","0,23%"
"29.03.2019","4.102,2","4.025,7","4.123,1","4.022,6","3,30M","1,90%"
"28.03.2019","4.025,6","4.041,7","4.041,7","4.008,4","2,11M","-0,40%"
"27.03.2019","4.041,7","3.942,8","4.043,3","3.936,2","2,78M","2,51%"
"26.03.2019","3.942,8","3.937,1","3.950,7","3.899,9","2,53M","0,15%"
"25.03.2019","3.937,0","3.994,8","4.000,5","3.897,9","2,86M","-1,44%"
"24.03.2019","3.994,7","4.002,6","4.005,7","3.967,0","2,04M","-0,20%"
"23.03.2019","4.002,5","3.990,4","4.018,2","3.980,8","2,00M","0,30%"
"22.03.2019","3.990,4","3.982,2","4.005,7","3.971,8","2,83M","0,21%"
"21.03.2019","3.982,2","4.041,2","4.064,0","3.923,8","3,88M","-1,46%"
"20.03.2019","4.041,2","4.017,0","4.050,0","3.985,3","3,18M","0,60%"
"19.03.2019","4.017,0","3.990,2","4.029,9","3.972,4","2,99M","0,67%"
"18.03.2019","3.990,2","3.981,5","4.032,3","3.958,5","2,62M","0,22%"
"17.03.2019","3.981,5","4.006,4","4.009,8","3.956,3","1,87M","-0,62%"
"16.03.2019","4.006,4","3.924,4","4.050,6","3.923,7","3,46M","2,09%"
"15.03.2019","3.924,3","3.879,0","3.935,7","3.874,8","3,11M","1,17%"
"14.03.2019","3.879,0","3.865,1","3.914,7","3.828,4","2,86M","0,36%"
"13.03.2019","3.865,1","3.885,9","3.894,7","3.847,4","2,28M","-0,54%"
"12.03.2019","3.886,0","3.870,3","3.900,1","3.817,1","2,90M","0,41%"
"11.03.2019","3.870,3","3.915,2","3.935,5","3.842,4","3,19M","-1,15%"
"10.03.2019","3.915,2","3.944,4","3.944,5","3.889,2","1,89M","-0,74%"
"09.03.2019","3.944,3","3.865,6","3.964,0","3.859,7","2,48M","2,03%"
"08.03.2019","3.865,9","3.875,1","3.929,0","3.810,7","2,96M","-0,24%"
"07.03.2019","3.875,1","3.863,1","3.907,4","3.847,9","2,60M","0,32%"
"06.03.2019","3.863,0","3.857,2","3.887,3","3.816,7","2,52M","0,15%"
"05.03.2019","3.857,2","3.715,9","3.873,2","3.705,7","3,82M","3,80%"
"04.03.2019","3.715,9","3.809,7","3.828,4","3.681,8","2,85M","-2,45%"
"03.03.2019","3.809,5","3.823,2","3.836,6","3.789,7","1,51M","-0,36%"
"02.03.2019","3.823,1","3.821,9","3.843,2","3.783,6","1,61M","0,03%"
"01.03.2019","3.821,9","3.816,7","3.855,8","3.816,4","1,74M","0,14%"
"28.02.2019","3.816,6","3.814,6","3.883,7","3.783,3","2,31M","0,05%"
"27.02.2019","3.814,6","3.810,3","3.836,4","3.701,9","2,82M","0,11%"
"26.02.2019","3.810,3","3.833,5","3.845,5","3.775,0","2,09M","-0,61%"
"25.02.2019","3.833,7","3.755,7","3.870,7","3.753,8","765,87K","2,09%"
"24.02.2019","3.755,2","4.120,5","4.194,2","3.738,7","977,78K","-8,86%"
"23.02.2019","4.120,4","3.965,2","4.152,6","3.939,4","727,85K","3,91%"
"22.02.2019","3.965,2","3.937,4","3.983,1","3.931,7","649,55K","0,73%"
"21.02.2019","3.936,6","3.972,0","4.011,5","3.909,2","668,16K","-0,90%"
"20.02.2019","3.972,4","3.914,3","3.983,6","3.881,2","698,01K","1,48%"
"19.02.2019","3.914,3","3.896,4","3.993,8","3.863,7","1,44M","0,47%"
"18.02.2019","3.896,0","3.664,2","3.903,7","3.655,1","933,15K","6,33%"
"17.02.2019","3.664,2","3.616,8","3.689,9","3.607,9","580,51K","1,31%"
"16.02.2019","3.616,8","3.604,7","3.641,9","3.599,7","485,63K","0,34%"
"15.02.2019","3.604,7","3.592,6","3.648,3","3.581,4","516,21K","0,34%"
"14.02.2019","3.592,6","3.611,5","3.624,5","3.580,2","498,14K","-0,52%"
"13.02.2019","3.611,5","3.632,0","3.663,5","3.599,2","558,02K","-0,56%"
"12.02.2019","3.632,0","3.631,8","3.656,4","3.594,4","545,82K","0,01%"
"11.02.2019","3.631,8","3.678,8","3.681,1","3.623,8","517,28K","-1,28%"
"10.02.2019","3.679,0","3.661,0","3.680,6","3.617,1","501,90K","0,48%"
"09.02.2019","3.661,4","3.661,6","3.675,3","3.633,2","454,80K","-0,01%"
"08.02.2019","3.661,7","3.397,3","3.721,1","3.382,5","699,23K","7,77%"
"07.02.2019","3.397,7","3.404,9","3.421,8","3.390,3","471,36K","-0,20%"
"06.02.2019","3.404,3","3.468,5","3.478,0","3.383,9","514,21K","-1,85%"
"05.02.2019","3.468,4","3.463,0","3.485,9","3.450,3","460,95K","0,16%"
"04.02.2019","3.462,8","3.459,0","3.479,7","3.437,1","503,92K","0,11%"
"03.02.2019","3.459,1","3.502,3","3.507,8","3.431,3","451,66K","-1,24%"
"02.02.2019","3.502,5","3.467,9","3.514,5","3.447,8","443,60K","1,00%"
"01.02.2019","3.467,9","3.437,7","3.485,7","3.415,3","481,58K","0,90%"
"31.01.2019","3.437,2","3.460,0","3.484,7","3.427,0","477,07K","-0,66%"
"30.01.2019","3.460,0","3.414,6","3.479,0","3.394,2","600,25K","1,32%"
"29.01.2019","3.414,8","3.442,8","3.450,1","3.368,2","585,46K","-0,81%"
"28.01.2019","3.442,8","3.555,8","3.561,2","3.395,7","620,85K","-3,17%"
"27.01.2019","3.555,6","3.570,9","3.583,2","3.509,2","464,02K","-0,43%"
"26.01.2019","3.570,9","3.572,0","3.652,5","3.556,1","432,55K","-0,03%"
"25.01.2019","3.572,0","3.574,3","3.582,6","3.542,2","448,89K","-0,06%"
"24.01.2019","3.574,3","3.561,4","3.587,0","3.539,7","428,60K","0,36%"
"23.01.2019","3.561,5","3.580,1","3.608,3","3.532,8","445,87K","-0,52%"
"22.01.2019","3.580,1","3.536,9","3.607,9","3.465,2","447,70K","1,23%"
"21.01.2019","3.536,7","3.542,7","3.561,4","3.505,4","394,17K","-0,16%"
"20.01.2019","3.542,3","3.676,2","3.699,1","3.503,9","563,31K","-3,68%"
"19.01.2019","3.677,8","3.605,8","3.715,2","3.604,1","537,06K","2,00%"
"18.01.2019","3.605,6","3.626,3","3.627,9","3.575,7","488,16K","-0,57%"
"17.01.2019","3.626,4","3.588,1","3.636,7","3.554,8","525,10K","1,07%"
"16.01.2019","3.588,0","3.570,6","3.644,1","3.561,4","487,34K","0,47%"
"15.01.2019","3.571,3","3.637,5","3.660,8","3.545,7","544,85K","-1,84%"
"14.01.2019","3.638,1","3.490,4","3.672,0","3.490,4","539,93K","4,24%"
"13.01.2019","3.490,2","3.597,3","3.617,6","3.473,2","452,79K","-2,98%"
"12.01.2019","3.597,2","3.616,6","3.633,9","3.561,3","435,06K","-0,53%"
"11.01.2019","3.616,5","3.603,3","3.655,7","3.563,1","551,64K","0,35%"
"10.01.2019","3.603,7","3.978,9","4.007,7","3.562,1","697,31K","-9,41%"
"09.01.2019","3.978,0","3.971,0","4.014,2","3.957,5","473,42K","0,17%"
"08.01.2019","3.971,0","3.985,8","4.070,5","3.943,1","514,08K","-0,37%"
"07.01.2019","3.985,9","4.004,3","4.028,0","3.945,5","500,88K","-0,45%"
"06.01.2019","4.004,1","3.785,7","4.034,1","3.758,5","529,89K","5,78%"
"05.01.2019","3.785,4","3.802,8","3.846,7","3.769,0","468,45K","-0,46%"
"04.01.2019","3.802,7","3.780,5","3.823,9","3.720,0","488,70K","0,60%"
"03.01.2019","3.780,1","3.874,1","3.875,8","3.753,0","450,32K","-2,42%"
"02.01.2019","3.873,8","3.809,7","3.894,8","3.768,1","554,47K","1,69%"
"01.01.2019","3.809,4","3.709,5","3.814,3","3.664,4","469,11K","2,69%"
"31.12.2018","3.709,4","3.815,1","3.819,6","3.658,8","545,83K","-2,77%"
"30.12.2018","3.815,0","3.708,2","3.837,7","3.682,5","519,17K","2,92%"
"29.12.2018","3.706,8","3.861,6","3.899,6","3.696,0","505,41K","-4,01%"
"28.12.2018","3.861,6","3.587,1","3.900,3","3.565,5","565,24K","7,66%"
"27.12.2018","3.586,9","3.793,4","3.822,6","3.560,8","543,44K","-5,45%"
"26.12.2018","3.793,7","3.762,8","3.841,9","3.680,3","567,11K","0,83%"
"25.12.2018","3.762,5","4.025,6","4.030,7","3.676,5","670,94K","-6,55%"
"24.12.2018","4.026,1","3.944,5","4.208,2","3.941,9","716,29K","2,07%"
"23.12.2018","3.944,4","3.964,3","4.037,1","3.904,6","572,21K","-0,50%"
"22.12.2018","3.964,4","3.850,9","3.977,2","3.803,7","554,59K","2,95%"
"21.12.2018","3.850,9","4.075,2","4.153,1","3.786,9","748,76K","-5,52%"
"20.12.2018","4.076,0","3.687,2","4.140,3","3.665,8","958,58K","10,55%"
"19.12.2018","3.687,1","3.668,1","3.924,7","3.647,5","792,40K","0,52%"
"18.12.2018","3.668,0","3.526,0","3.683,1","3.456,9","698,53K","4,02%"
"17.12.2018","3.526,1","3.248,3","3.597,4","3.243,1","534,78K","8,57%"
"16.12.2018","3.247,9","3.228,6","3.305,0","3.225,9","335,69K","0,60%"
"15.12.2018","3.228,7","3.247,8","3.282,3","3.177,0","332,95K","-0,59%"
"14.12.2018","3.247,8","3.315,4","3.336,6","3.199,1","445,56K","-2,04%"
"13.12.2018","3.315,3","3.466,2","3.474,4","3.284,8","435,89K","-4,35%"
"12.12.2018","3.466,1","3.390,2","3.510,2","3.379,4","391,17K","1,72%"
"11.12.2018","3.407,7","3.460,4","3.485,9","3.349,9","418,53K","-1,53%"
"10.12.2018","3.460,5","3.566,9","3.622,4","3.412,7","394,49K","-3,00%"
"09.12.2018","3.567,5","3.430,3","3.677,6","3.424,2","327,93K","4,00%"
"08.12.2018","3.430,4","3.422,3","3.507,7","3.302,9","424,40K","0,24%"
"07.12.2018","3.422,2","3.508,9","3.626,6","3.251,8","639,33K","-2,46%"
"06.12.2018","3.508,6","3.771,4","3.887,2","3.505,7","467,54K","-6,97%"
"05.12.2018","3.771,6","3.958,1","3.974,1","3.765,2","341,60K","-4,72%"
"04.12.2018","3.958,5","3.899,9","4.082,9","3.809,3","326,71K","1,56%"
"03.12.2018","3.897,8","4.160,3","4.177,0","3.839,9","355,10K","-6,31%"
"02.12.2018","4.160,4","4.196,2","4.316,1","4.105,3","298,63K","-0,85%"
"01.12.2018","4.196,2","4.038,7","4.299,1","3.967,1","316,30K","3,87%"
"30.11.2018","4.039,7","4.296,8","4.340,6","3.954,5","444,52K","-5,98%"
"29.11.2018","4.296,5","4.265,5","4.440,1","4.140,6","414,46K","0,73%"
"28.11.2018","4.265,4","3.866,4","4.391,8","3.866,4","533,04K","10,32%"
"27.11.2018","3.866,5","3.840,3","3.920,6","3.687,8","457,27K","0,77%"
"26.11.2018","3.837,0","4.061,0","4.179,0","3.679,8","571,04K","-5,54%"
"25.11.2018","4.062,2","3.920,3","4.198,4","3.634,2","619,95K","3,62%"
"24.11.2018","3.920,4","4.397,3","4.494,6","3.821,5","382,72K","-10,86%"
"23.11.2018","4.398,0","4.360,9","4.455,6","4.223,7","348,99K","0,96%"
"22.11.2018","4.356,0","4.646,4","4.695,7","4.346,7","261,85K","-6,09%"
"21.11.2018","4.638,7","4.523,0","4.743,7","4.393,0","412,74K","2,52%"
"20.11.2018","4.524,6","4.883,6","5.013,4","4.272,3","714,08K","-7,36%"
"19.11.2018","4.883,8","5.660,4","5.662,5","4.831,1","478,26K","-13,69%"
"18.11.2018","5.658,3","5.621,0","5.727,9","5.615,5","158,68K","0,65%"
"17.11.2018","5.621,8","5.636,2","5.645,5","5.561,4","156,51K","-0,26%"
"16.11.2018","5.636,2","5.723,5","5.747,7","5.539,7","224,12K","-1,45%"
"15.11.2018","5.718,9","5.854,0","5.878,5","5.384,1","375,86K","-2,11%"
"14.11.2018","5.842,4","6.428,9","6.453,3","5.619,2","438,21K","-9,13%"
"13.11.2018","6.429,2","6.435,0","6.466,8","6.386,7","137,60K","-0,09%"
"12.11.2018","6.435,0","6.445,0","6.475,9","6.409,4","130,16K","-0,17%"
"11.11.2018","6.446,1","6.427,1","6.451,7","6.359,0","127,40K","0,30%"
"10.11.2018","6.427,1","6.411,9","6.461,7","6.411,7","115,87K","0,24%"
"09.11.2018","6.412,0","6.473,8","6.496,1","6.390,0","151,60K","-0,96%"
"08.11.2018","6.474,0","6.565,3","6.577,3","6.466,3","159,30K","-1,39%"
"07.11.2018","6.565,3","6.503,1","6.594,3","6.502,0","170,76K","0,96%"
"06.11.2018","6.502,8","6.460,4","6.509,6","6.441,6","154,87K","0,67%"
"05.11.2018","6.459,7","6.478,2","6.489,2","6.431,7","128,51K","-0,29%"
"04.11.2018","6.478,2","6.386,2","6.508,9","6.359,7","128,76K","1,44%"
"03.11.2018","6.386,2","6.424,5","6.429,5","6.346,2","112,84K","-0,60%"
"02.11.2018","6.424,7","6.400,5","6.444,3","6.390,9","135,87K","0,38%"
"01.11.2018","6.400,5","6.365,9","6.421,8","6.354,2","124,16K","0,54%"
"31.10.2018","6.365,9","6.327,9","6.405,7","6.257,8","129,06K","0,64%"
"30.10.2018","6.325,7","6.336,7","6.469,9","6.316,5","128,21K","-0,15%"
"29.10.2018","6.335,0","6.486,1","6.498,4","6.310,5","160,52K","-2,33%"
"28.10.2018","6.486,1","6.494,6","6.502,2","6.461,2","93,97K","-0,12%"
"27.10.2018","6.494,2","6.510,0","6.534,0","6.473,7","76,72K","-0,24%"
"26.10.2018","6.510,0","6.507,0","6.570,5","6.498,5","97,17K","0,05%"
"25.10.2018","6.507,0","6.532,5","6.544,8","6.491,5","97,43K","-0,36%"
"24.10.2018","6.530,7","6.531,2","6.593,8","6.522,6","98,74K","0,03%"
"23.10.2018","6.528,7","6.558,6","6.573,6","6.500,5","108,86K","-0,41%"
"22.10.2018","6.555,8","6.583,0","6.612,7","6.529,5","101,57K","-0,41%"
"21.10.2018","6.583,0","6.575,9","6.643,1","6.568,0","92,94K","0,16%"
"20.10.2018","6.572,2","6.511,7","6.593,7","6.495,9","97,77K","0,92%"
"19.10.2018","6.512,0","6.576,4","6.603,2","6.506,9","121,44K","-0,94%"
"18.10.2018","6.574,1","6.690,1","6.736,3","6.530,6","134,15K","-1,68%"
"17.10.2018","6.686,6","6.718,9","6.745,9","6.637,8","136,71K","-0,28%"
"16.10.2018","6.705,3","6.712,4","6.836,7","6.645,4","155,85K","0,08%"
"15.10.2018","6.699,8","6.326,8","7.358,4","6.300,2","443,33K","5,90%"
"14.10.2018","6.326,8","6.321,6","6.390,9","6.300,0","99,38K","0,08%"
"13.10.2018","6.321,7","6.291,3","6.329,3","6.282,8","94,45K","0,48%"
"12.10.2018","6.291,3","6.239,2","6.344,8","6.206,8","147,40K","0,84%"
"11.10.2018","6.239,1","6.618,0","6.622,5","6.206,2","245,28K","-5,72%"
"10.10.2018","6.618,0","6.650,6","6.653,5","6.526,0","101,93K","-0,49%"
"09.10.2018","6.650,8","6.669,6","6.678,9","6.613,3","80,79K","-0,28%"
"08.10.2018","6.669,6","6.611,0","6.699,5","6.589,9","119,68K","0,89%"
"07.10.2018","6.611,0","6.596,3","6.633,9","6.523,8","77,06K","0,22%"
"06.10.2018","6.596,3","6.639,1","6.661,5","6.550,4","9,18M","-0,65%"
"05.10.2018","6.639,1","6.584,2","6.682,3","6.537,6","9,34M","0,83%"
"04.10.2018","6.584,2","6.509,2","6.653,0","6.487,8","9,31M","1,17%"
"03.10.2018","6.507,8","6.549,9","6.563,5","6.429,6","9,21M","-0,64%"
"02.10.2018","6.549,9","6.608,2","6.645,7","6.034,9","9,34M","-0,88%"
"01.10.2018","6.608,2","6.635,2","6.674,7","6.072,7","9,19M","-0,41%"
"30.09.2018","6.635,2","6.603,9","6.673,9","6.533,5","9,34M","0,47%"
"29.09.2018","6.603,9","6.633,9","6.648,4","6.464,4","9,42M","-0,48%"
"28.09.2018","6.636,0","6.685,7","6.809,2","6.538,6","9,57M","-0,79%"
"27.09.2018","6.689,2","6.463,7","6.738,3","6.428,8","9,34M","3,42%"
"26.09.2018","6.468,1","6.443,0","6.551,9","6.384,1","8,64M","0,36%"
"25.09.2018","6.445,1","6.590,6","6.590,6","5.977,0","7,34M","-2,11%"
"24.09.2018","6.584,1","6.713,3","6.728,1","6.559,1","7,57M","-1,79%"
"23.09.2018","6.704,1","6.729,6","6.789,4","6.666,4","7,34M","-0,38%"
"22.09.2018","6.729,6","6.766,7","6.833,3","6.635,5","7,31M","-0,55%"
"21.09.2018","6.766,7","6.490,9","6.780,5","6.489,8","7,73M","4,28%"
"20.09.2018","6.489,2","6.390,4","6.537,5","6.346,4","5,18M","1,55%"
"19.09.2018","6.390,4","6.342,0","6.478,7","6.144,5","3,54M","0,76%"
"18.09.2018","6.342,0","6.251,9","6.388,8","6.228,8","2,82M","1,44%"
"17.09.2018","6.251,9","6.500,2","6.533,5","6.215,9","3,26M","-3,82%"
"16.09.2018","6.500,2","6.519,0","6.520,8","6.406,2","3,34M","-0,29%"
"15.09.2018","6.519,0","6.482,6","6.562,9","6.470,3","3,16M","0,54%"
"14.09.2018","6.483,7","6.482,9","6.579,4","6.412,1","3,20M","0,01%"
"13.09.2018","6.482,9","6.338,0","6.867,3","6.337,8","3,53M","2,29%"
"12.09.2018","6.338,0","6.293,9","6.353,5","6.204,5","3,04M","0,70%"
"11.09.2018","6.293,9","6.320,7","6.391,8","6.189,6","3,30M","-0,43%"
"10.09.2018","6.321,0","6.238,5","6.358,5","6.237,3","3,11M","1,32%"
"09.09.2018","6.238,5","6.184,3","6.432,6","6.148,8","2,84M","0,88%"
"08.09.2018","6.184,3","6.390,9","6.484,3","6.132,3","3,46M","-3,23%"
"07.09.2018","6.390,9","6.514,1","6.540,6","6.316,2","3,30M","-1,89%"
"06.09.2018","6.514,0","6.706,8","6.732,9","6.337,8","4,02M","-2,87%"
"05.09.2018","6.706,8","7.377,5","7.407,5","6.691,8","4,55M","-9,09%"
"04.09.2018","7.377,5","7.264,2","7.409,9","7.234,5","3,92M","1,56%"
"03.09.2018","7.264,2","7.289,8","7.330,7","7.182,8","3,87M","-0,41%"
"02.09.2018","7.293,9","7.189,6","7.334,8","7.117,3","3,90M","1,45%"
"01.09.2018","7.189,6","7.032,4","7.264,3","7.020,4","3,52M","2,21%"
"31.08.2018","7.033,8","6.993,7","7.080,2","6.698,0","4,21M","0,57%"
"30.08.2018","6.993,7","7.029,2","7.050,2","6.798,0","3,74M","-0,50%"
"29.08.2018","7.029,1","7.074,6","7.121,4","6.926,7","4,11M","-0,64%"
"28.08.2018","7.074,6","6.897,6","7.129,7","6.861,2","3,79M","2,57%"
"27.08.2018","6.897,6","6.712,7","6.902,9","6.650,4","3,26M","2,75%"
"26.08.2018","6.712,7","6.734,9","6.892,7","6.573,1","3,37M","-0,33%"
"25.08.2018","6.734,8","6.680,6","6.783,4","6.655,3","3,59M","0,81%"
"24.08.2018","6.680,4","6.521,2","6.721,2","6.472,8","3,70M","2,44%"
"23.08.2018","6.521,2","6.359,9","6.550,2","6.359,2","2,76M","2,54%"
"22.08.2018","6.359,6","6.482,2","6.840,8","6.304,8","3,63M","-1,89%"
"21.08.2018","6.482,2","6.268,1","6.484,1","6.257,4","1,46M","3,41%"
"20.08.2018","6.268,1","6.474,2","6.516,4","6.255,9","3,10M","-3,29%"
"19.08.2018","6.481,5","6.379,1","6.534,8","6.316,0","2,71M","1,61%"
"18.08.2018","6.379,1","6.581,8","6.626,4","6.295,5","3,15M","-3,08%"
"17.08.2018","6.581,7","6.306,7","6.581,7","6.291,8","3,20M","4,36%"
"16.08.2018","6.306,7","6.256,9","6.470,9","6.249,8","3,50M","0,80%"
"15.08.2018","6.256,9","6.190,2","6.592,8","6.177,9","3,74M","1,08%"
"14.08.2018","6.190,2","6.255,3","6.255,3","5.898,3","3,66M","-1,04%"
"13.08.2018","6.255,3","6.313,0","6.524,1","6.159,6","234,09K","-0,91%"
"12.08.2018","6.313,0","6.232,1","6.453,0","6.169,8","216,33K","1,31%"
"11.08.2018","6.231,6","6.152,8","6.469,6","6.009,8","247,34K","1,29%"
"10.08.2018","6.152,3","6.539,5","6.570,2","6.043,4","298,82K","-5,91%"
"09.08.2018","6.538,8","6.283,7","6.620,2","6.197,0","237,66K","4,06%"
"08.08.2018","6.283,6","6.725,2","6.725,2","6.138,8","311,54K","-6,56%"
"07.08.2018","6.724,9","6.943,6","7.149,7","6.689,9","232,48K","-3,15%"
"06.08.2018","6.943,6","7.027,8","7.143,6","6.852,5","168,87K","-1,19%"
"05.08.2018","7.027,1","7.014,0","7.087,6","6.887,9","177,64K","0,18%"
"04.08.2018","7.014,3","7.418,9","7.484,2","6.949,7","222,57K","-5,46%"
"03.08.2018","7.419,0","7.535,6","7.535,6","7.293,5","226,46K","-1,55%"
"02.08.2018","7.535,6","7.606,4","7.701,4","7.470,6","216,34K","-0,93%"
"01.08.2018","7.606,4","7.728,5","7.753,2","7.449,2","237,69K","-1,59%"
"31.07.2018","7.729,4","8.176,4","8.176,5","7.649,8","266,94K","-5,48%"
"30.07.2018","8.177,1","8.214,7","8.262,0","7.874,4","242,21K","-0,47%"
"29.07.2018","8.215,6","8.231,5","8.275,4","8.113,3","155,24K","-0,22%"
"28.07.2018","8.234,1","8.186,8","8.234,1","8.077,4","147,14K","0,57%"
"27.07.2018","8.187,4","7.936,9","8.273,8","7.808,3","243,22K","3,15%"
"26.07.2018","7.937,0","8.173,9","8.304,3","7.861,0","235,45K","-2,90%"
"25.07.2018","8.173,7","8.404,9","8.484,6","8.062,1","269,23K","-2,78%"
"24.07.2018","8.407,0","7.723,1","8.479,8","7.701,9","345,32K","8,86%"
"23.07.2018","7.723,0","7.412,4","7.809,6","7.379,2","272,15K","4,19%"
"22.07.2018","7.412,3","7.409,0","7.575,3","7.343,7","204,16K","0,05%"
"21.07.2018","7.408,7","7.339,3","7.460,8","7.223,5","160,77K","0,95%"
"20.07.2018","7.339,4","7.477,6","7.683,6","7.292,0","258,85K","-1,85%"
"19.07.2018","7.477,5","7.383,9","7.558,4","7.288,8","247,25K","1,27%"
"18.07.2018","7.383,6","7.321,6","7.581,2","7.249,3","333,32K","0,84%"
"17.07.2018","7.322,0","6.729,8","7.453,2","6.666,0","337,75K","8,80%"
"16.07.2018","6.729,9","6.362,8","6.749,2","6.344,1","312,12K","5,77%"
"15.07.2018","6.362,9","6.254,8","6.399,6","6.238,5","180,67K","1,73%"
"14.07.2018","6.254,8","6.229,5","6.313,5","6.192,5","243,71K","0,40%"
"13.07.2018","6.230,2","6.250,8","6.333,8","6.144,5","233,22K","-0,33%"
"12.07.2018","6.250,6","6.389,1","6.389,4","6.088,8","289,24K","-2,17%"
"11.07.2018","6.389,1","6.307,2","6.409,7","6.296,6","243,82K","1,30%"
"10.07.2018","6.307,2","6.668,4","6.686,8","6.291,5","315,27K","-5,40%"
"09.07.2018","6.667,1","6.715,1","6.793,8","6.637,7","289,48K","-0,71%"
"08.07.2018","6.714,8","6.765,4","6.784,0","6.694,3","267,60K","-0,75%"
"07.07.2018","6.765,5","6.617,7","6.805,9","6.531,1","114,57K","2,23%"
"06.07.2018","6.617,7","6.546,5","6.638,2","6.458,3","132,69K","1,09%"
"05.07.2018","6.546,5","6.598,0","6.693,6","6.466,1","166,18K","-0,79%"
"04.07.2018","6.598,4","6.513,8","6.774,5","6.442,3","143,04K","1,30%"
"03.07.2018","6.513,5","6.618,6","6.676,6","6.513,5","150,19K","-1,60%"
"02.07.2018","6.619,5","6.349,1","6.680,0","6.275,0","179,92K","3,97%"
"01.07.2018","6.366,8","6.398,5","6.445,1","6.284,7","128,51K","-0,50%"
"30.06.2018","6.398,9","6.213,4","6.498,5","6.204,0","189,33K","2,99%"
"29.06.2018","6.213,3","5.883,2","6.284,9","5.818,5","206,96K","5,61%"
"28.06.2018","5.883,5","6.154,9","6.178,4","5.854,0","156,05K","-4,41%"
"27.06.2018","6.154,9","6.081,1","6.187,3","6.025,4","133,42K","1,20%"
"26.06.2018","6.082,1","6.256,9","6.267,7","6.060,0","176,66K","-2,79%"
"25.06.2018","6.256,6","6.155,1","6.331,2","6.101,7","210,69K","1,66%"
"24.06.2018","6.154,6","6.167,9","6.248,3","5.785,3","240,60K","-0,21%"
"23.06.2018","6.167,3","6.055,2","6.259,0","6.032,8","142,90K","1,84%"
"22.06.2018","6.055,7","6.728,2","6.739,7","5.955,0","278,22K","-9,99%"
"21.06.2018","6.728,0","6.765,8","6.797,5","6.695,1","99,29K","-0,55%"
"20.06.2018","6.765,4","6.752,3","6.812,7","6.575,1","121,48K","0,19%"
"19.06.2018","6.752,4","6.719,8","6.839,5","6.681,5","120,54K","0,49%"
"18.06.2018","6.719,8","6.460,5","6.794,5","6.410,9","135,70K","4,02%"
"17.06.2018","6.460,3","6.505,8","6.593,0","6.452,1","90,67K","-0,70%"
"16.06.2018","6.505,8","6.410,0","6.564,2","6.358,0","108,79K","1,49%"
"15.06.2018","6.410,3","6.647,3","6.655,8","6.395,7","143,53K","-3,56%"
"14.06.2018","6.647,1","6.312,3","6.711,5","6.283,6","201,54K","5,30%"
"13.06.2018","6.312,3","6.558,5","6.624,6","6.129,1","237,48K","-3,75%"
"12.06.2018","6.558,2","6.885,9","6.887,2","6.476,0","178,26K","-4,76%"
"11.06.2018","6.885,9","6.775,2","6.910,8","6.657,2","174,88K","1,64%"
"10.06.2018","6.775,1","7.515,8","7.516,3","6.668,1","275,69K","-9,85%"
"09.06.2018","7.515,8","7.622,1","7.689,0","7.493,3","97,56K","-1,40%"
"08.06.2018","7.622,1","7.697,9","7.710,5","7.556,9","112,88K","-0,98%"
"07.06.2018","7.697,8","7.661,0","7.754,7","7.657,7","124,00K","0,48%"
"06.06.2018","7.661,0","7.631,5","7.699,1","7.504,4","130,66K","0,39%"
"05.06.2018","7.631,5","7.507,4","7.672,6","7.391,0","145,23K","1,69%"
"04.06.2018","7.504,3","7.729,3","7.759,9","7.468,4","141,01K","-2,91%"
"03.06.2018","7.729,3","7.646,6","7.775,0","7.611,3","116,68K","1,08%"
"02.06.2018","7.646,6","7.530,8","7.694,5","7.467,9","121,18K","1,54%"
"01.06.2018","7.530,8","7.502,5","7.610,4","7.375,8","135,92K","0,38%"
"31.05.2018","7.502,6","7.400,8","7.611,9","7.355,0","144,52K","1,39%"
"30.05.2018","7.400,1","7.469,2","7.565,2","7.306,8","140,37K","-0,91%"
"29.05.2018","7.467,7","7.119,3","7.533,0","7.069,8","186,97K","4,89%"
"28.05.2018","7.119,3","7.367,3","7.446,9","7.090,6","152,29K","-3,36%"
"27.05.2018","7.366,7","7.361,9","7.411,8","7.267,5","103,29K","0,07%"
"26.05.2018","7.361,3","7.478,5","7.619,3","7.331,5","103,07K","-1,56%"
"25.05.2018","7.477,7","7.593,9","7.653,4","7.355,6","161,82K","-1,52%"
"24.05.2018","7.592,9","7.512,3","7.736,6","7.293,4","211,11K","1,07%"
"23.05.2018","7.512,3","8.005,7","8.047,4","7.467,6","237,60K","-6,17%"
"22.05.2018","8.006,0","8.403,8","8.414,5","7.979,3","137,51K","-4,73%"
"21.05.2018","8.403,3","8.529,5","8.550,6","8.375,5","115,52K","-1,47%"